recall	precision	cosine	
ability/N:nn-DEP:singing,abuse/N:nn-DEP:childhood,abuse/N:nn-DEP:drug,abuse/N:nn-DEP:prisoner,abuse/N:nn-DEP:rights,abuse/N:nn-DEP:ritual,abuse/N:nn-DEP:substance,academy/N:nn-DEP:army,academy/N:nn-DEP:bangladesh,academy/N:nn-DEP:chicago,
3.62406556661,4.78735120111,6.12106665517,6.28338066743,5.79094659451,5.81796066292,8.56113465106,1.73739306037,3.57257043053,1.74018319034,
0.889937567452,0.820428992103,0.784894498852,0.847542984502,0.827780108867,0.692288355181,0.633200200943,0.944996764683,0.750586701865,0.737009227194,
0.0139007287709,0.0135553080164,0.0705578520959,0.00832162622631,0.0409026607622,0.0118129164154,0.0683015489022,0.0119780333886,0.00679945774116,0.00373222896511,
0.122525904417,0.11881436887,0.264798453681,0.0923461526576,0.200832892013,0.0995881693079,0.210731197085,0.127657271748,0.0856225323701,0.0529386748483,
