recall,precision,cosine,
american/N:amod-DEP:african/J,
4.89205164503,
0.723014256619,
0.0476766048885,
0.166308309055,
